Sample,Base Pair,Percent Variation
R.hayd-35,80,0.333333333
R.mel-02,107,0.182389937
R.mel-02,169,0.222222222
R.mel-02,183,0.202586207
R.mel-02,449,0.130434783
R.mel-10,241,0.157894737
R.mel-10,263,0.166666667
R.mel-10,289,0.166666667
R.port-95,393,0.107913669
R.port-95,419,0.102941176
